{"loss": [1.662186861038208, 1.3909934759140015, 1.151473045349121, 1.0055885314941406, 0.8339913487434387, 0.7528092861175537, 0.6764550805091858, 0.6058414578437805], "accuracy": [0.8642569780349731, 0.8805403709411621, 0.8962691426277161, 0.9013330936431885, 0.9104052782058716, 0.9166144728660583, 0.9182786345481873, 0.9285497069358826], "precision": [0.8893040418624878, 0.8991355895996094, 0.9089472889900208, 0.911563515663147, 0.9182912707328796, 0.9240095019340515, 0.9245895147323608, 0.9341064691543579], "auc": [0.9684511423110962, 0.9753350019454956, 0.9811884164810181, 0.9832608699798584, 0.9856585264205933, 0.9875193238258362, 0.9874934554100037, 0.9896915555000305], "weighted_accuracy": [0.8131687641143799, 0.853947639465332, 0.8842726945877075, 0.8978658318519592, 0.9179760813713074, 0.9272351264953613, 0.9356760382652283, 0.9429339170455933], "precision_1": [0.8301146626472473, 0.8666388392448425, 0.8923676013946533, 0.9049386382102966, 0.9243837594985962, 0.9323244094848633, 0.9403514266014099, 0.9469110369682312], "auc_1": [0.9452135562896729, 0.9616842865943909, 0.9733018279075623, 0.979648232460022, 0.985649824142456, 0.9882543683052063, 0.9901000261306763, 0.9917861819267273], "val_loss": [0.6377782821655273, 0.26429039239883423, 0.49188628792762756, 0.2775919437408447, 0.26303017139434814, 0.33629560470581055, 0.3044678270816803, 0.2806622087955475], "val_accuracy": [0.7567039728164673, 0.9070554375648499, 0.8116375803947449, 0.916167676448822, 0.9267117977142334, 0.9152564406394958, 0.9258005619049072, 0.9300963282585144], "val_precision": [0.791442334651947, 0.9177391529083252, 0.8291130661964417, 0.9200419187545776, 0.9307994842529297, 0.917374849319458, 0.9278984665870667, 0.9321479797363281], "val_auc": [0.9122632145881653, 0.9835132360458374, 0.9478069543838501, 0.9829221963882446, 0.9842415452003479, 0.9787188172340393, 0.9805316925048828, 0.9825403690338135], "val_weighted_accuracy": [0.7567039728164673, 0.9070554375648499, 0.8116375803947449, 0.916167676448822, 0.9267117977142334, 0.9152564406394958, 0.9258005619049072, 0.9300963282585144], "val_precision_1": [0.791442334651947, 0.9177391529083252, 0.8291130661964417, 0.9200419187545776, 0.9307994842529297, 0.917374849319458, 0.9278984665870667, 0.9321479797363281], "val_auc_1": [0.9122632145881653, 0.9835132360458374, 0.9478069543838501, 0.9829221963882446, 0.9842415452003479, 0.9787188172340393, 0.9805316925048828, 0.9825403690338135]}