{"loss": [0.5856310725212097, 0.6183306574821472, 0.53061842918396, 0.48939839005470276, 0.46162644028663635, 0.4528108537197113], "accuracy": [0.9291043877601624, 0.9254361391067505, 0.9297128319740295, 0.9384092092514038, 0.9420953989028931, 0.9397512674331665], "precision": [0.9339099526405334, 0.930831253528595, 0.9347614049911499, 0.9421381950378418, 0.9458407759666443, 0.9429965019226074], "auc": [0.9902318716049194, 0.9894701242446899, 0.9905693531036377, 0.9916241765022278, 0.9927730560302734, 0.99238121509552], "weighted_accuracy": [0.9445726871490479, 0.9413728713989258, 0.9477648735046387, 0.9542016386985779, 0.9552507400512695, 0.9581077098846436], "precision_1": [0.9484354853630066, 0.9460981488227844, 0.9516234993934631, 0.9571569561958313, 0.9580767154693604, 0.9602065086364746], "auc_1": [0.9921858310699463, 0.9915446043014526, 0.9938623905181885, 0.9941323399543762, 0.9949157238006592, 0.9950249195098877], "val_loss": [0.4003946781158447, 0.32557567954063416, 0.3046627938747406, 0.3199499249458313, 0.34854742884635925, 0.32215943932533264], "val_accuracy": [0.8838844299316406, 0.9267117977142334, 0.933090329170227, 0.9173392057418823, 0.906534731388092, 0.9325696229934692], "val_precision": [0.886619508266449, 0.9283285140991211, 0.9349901676177979, 0.9181569218635559, 0.909579336643219, 0.9337506294250488], "val_auc": [0.9703445434570312, 0.9769266247749329, 0.9808611869812012, 0.9781064987182617, 0.9744141101837158, 0.9801977276802063], "val_weighted_accuracy": [0.8838844299316406, 0.9267117977142334, 0.933090329170227, 0.9173392057418823, 0.906534731388092, 0.9325696229934692], "val_precision_1": [0.886619508266449, 0.9283285140991211, 0.9349901676177979, 0.9181569218635559, 0.909579336643219, 0.9337506294250488], "val_auc_1": [0.9703445434570312, 0.9769266247749329, 0.9808611869812012, 0.9781064987182617, 0.9744141101837158, 0.9801977276802063]}