{"loss": [2.731907367706299, 2.2184712886810303, 1.9360859394073486, 1.6505224704742432, 1.4050192832946777, 1.1308468580245972], "accuracy": [0.723539412021637, 0.8143330216407776, 0.8488145470619202, 0.8669768571853638, 0.8767290115356445, 0.897396445274353], "precision": [0.8219702243804932, 0.8685269355773926, 0.8842452764511108, 0.8935707211494446, 0.8945489525794983, 0.9097413420677185], "auc": [0.8779277205467224, 0.9403701424598694, 0.9590341448783875, 0.9689360857009888, 0.9737609624862671, 0.9809145331382751], "weighted_accuracy": [0.6447250247001648, 0.7268550992012024, 0.7692822813987732, 0.8123868107795715, 0.8461703062057495, 0.8877468705177307], "precision_1": [0.693300724029541, 0.755948543548584, 0.7906541228294373, 0.830225944519043, 0.859266459941864, 0.8965392708778381], "auc_1": [0.8425677418708801, 0.8986603021621704, 0.9240006804466248, 0.9457265734672546, 0.9609124660491943, 0.9740868210792542], "val_loss": [0.2495575249195099, 0.6386486291885376, 0.23992401361465454, 0.3827933073043823, 0.289669930934906, 0.28216317296028137], "val_accuracy": [0.9122624397277832, 0.7576152086257935, 0.9271023273468018, 0.8540744781494141, 0.8932569622993469, 0.9047123193740845], "val_precision": [0.9262076616287231, 0.797295331954956, 0.9315320253372192, 0.8756130933761597, 0.9046795964241028, 0.9080550074577332], "val_auc": [0.9848850965499878, 0.9054732918739319, 0.9858619570732117, 0.964737057685852, 0.980536937713623, 0.9824782609939575], "val_weighted_accuracy": [0.9122624397277832, 0.7576152086257935, 0.9271023273468018, 0.8540744781494141, 0.8932569622993469, 0.9047123193740845], "val_precision_1": [0.9262076616287231, 0.797295331954956, 0.9315320253372192, 0.8756130933761597, 0.9046795964241028, 0.9080550074577332], "val_auc_1": [0.9848850965499878, 0.9054732918739319, 0.9858619570732117, 0.964737057685852, 0.980536937713623, 0.9824782609939575]}