{"loss": [0.7512788772583008, 0.6585588455200195, 0.6104017496109009, 0.5491275787353516, 0.5526027083396912, 0.4873741567134857], "accuracy": [0.9155229330062866, 0.923539400100708, 0.9216426610946655, 0.9350630640983582, 0.9294443726539612, 0.9371029734611511], "precision": [0.9217509627342224, 0.9297600984573364, 0.9269469976425171, 0.9399913549423218, 0.9344902634620667, 0.9409738779067993], "auc": [0.9874728322029114, 0.989201009273529, 0.9888015985488892, 0.9915943741798401, 0.990534245967865, 0.9917914271354675], "weighted_accuracy": [0.9263675808906555, 0.9358157515525818, 0.9397420287132263, 0.9489085078239441, 0.9496138095855713, 0.9546651840209961], "precision_1": [0.9310991764068604, 0.940132200717926, 0.9435924887657166, 0.9525438547134399, 0.9530688524246216, 0.9572346210479736], "auc_1": [0.9880803227424622, 0.9905105829238892, 0.9918734431266785, 0.9931309223175049, 0.9930412173271179, 0.9943813681602478], "val_loss": [0.40783756971359253, 0.372616171836853, 0.2655816376209259, 0.3508431613445282, 0.3404650390148163, 0.39379701018333435], "val_accuracy": [0.8627961277961731, 0.9001561999320984, 0.9112210273742676, 0.926581621170044, 0.9074459671974182, 0.8844050765037537], "val_precision": [0.869479238986969, 0.902445375919342, 0.9155835509300232, 0.9283660054206848, 0.912131130695343, 0.8881164789199829], "val_auc": [0.9655694365501404, 0.9744764566421509, 0.983707070350647, 0.9781975150108337, 0.9767000079154968, 0.9703009724617004], "val_weighted_accuracy": [0.8627961277961731, 0.9001561999320984, 0.9112210273742676, 0.926581621170044, 0.9074459671974182, 0.8844050765037537], "val_precision_1": [0.869479238986969, 0.902445375919342, 0.9155835509300232, 0.9283660054206848, 0.912131130695343, 0.8881164789199829], "val_auc_1": [0.9655694365501404, 0.9744764566421509, 0.983707070350647, 0.9781975150108337, 0.9767000079154968, 0.9703009724617004]}