{"loss": [0.50570148229599, 0.47523415088653564, 0.4661826491355896, 0.4042588770389557], "accuracy": [0.9312874674797058, 0.9393218159675598, 0.9425963759422302, 0.9437773823738098], "precision": [0.9363385438919067, 0.9433802366256714, 0.945846676826477, 0.9467365145683289], "auc": [0.9910792708396912, 0.9921492338180542, 0.9926456212997437, 0.9931060671806335], "weighted_accuracy": [0.9509871006011963, 0.9568097591400146, 0.9577596783638, 0.9627363681793213], "precision_1": [0.9552507996559143, 0.9587749242782593, 0.9601842164993286, 0.9650436639785767], "auc_1": [0.9938604235649109, 0.994583249092102, 0.9946248531341553, 0.995923638343811], "val_loss": [0.2968716621398926, 0.4097456634044647, 0.3501470386981964, 0.36464351415634155], "val_accuracy": [0.927753210067749, 0.8987243175506592, 0.8884404897689819, 0.8880499601364136], "val_precision": [0.930533766746521, 0.9007055163383484, 0.8942383527755737, 0.8910138607025146], "val_auc": [0.9813636541366577, 0.9706807136535645, 0.9747915267944336, 0.9712697267532349], "val_weighted_accuracy": [0.927753210067749, 0.8987243175506592, 0.8884404897689819, 0.8880499601364136], "val_precision_1": [0.930533766746521, 0.9007055163383484, 0.8942383527755737, 0.8910138607025146], "val_auc_1": [0.9813636541366577, 0.9706807136535645, 0.9747915267944336, 0.9712697267532349]}